title,type,iteration_id,parent_title,description,priority,assigned_to
Sprint1-MVP核心闭环,iteration,,,"目标：完成招领发布→投放→巡检→认领→领取全流程；时间：2周（10个工作日）",,
1.1 工程骨架搭建（前后端项目初始化）,task,Sprint1-MVP核心闭环,,"SpringBoot3 + Vue3 项目初始化，统一目录结构、编码规范",P0,
1.2 六张核心表建表SQL,task,Sprint1-MVP核心闭环,,"users、found_items、claim_applies、credit_logs、spots、spot_patrols 等核心表",P0,
1.3 登录注册与JWT认证,task,Sprint1-MVP核心闭环,,"注册登录、JWT签发与校验、Spring Security 集成",P0,
1.4 RBAC四角色权限控制,task,Sprint1-MVP核心闭环,,"普通用户、投放点管理员、系统管理员等角色权限体系",P0,
1.5 投放点基础CRUD,task,Sprint1-MVP核心闭环,,"投放点增删改查、点位信息维护",P0,
1.6 发布招领（状态6未公开，自动生成投放记录）,task,Sprint1-MVP核心闭环,,"发布不公开原则，自动生成投放记录",P0,
1.7 投放公开（点已投放，6→1，hand_in_status:0→1）,task,Sprint1-MVP核心闭环,,"状态流转 6→1，物品转为公开可见",P0,
1.8 巡检清点发1分（投放点管理员清单、清点、发积分）,task,Sprint1-MVP核心闭环,,"巡检清单、清点操作、发布人+1分",P0,
1.9 认领答题（失主提交申请、开放性回答）,task,Sprint1-MVP核心闭环,,"失主提交认领申请并回答核验问题",P0,
1.10 发布人审核（同意/驳回、状态流转）,task,Sprint1-MVP核心闭环,,"审核通过/驳回、3次不通过锁定24h",P0,
1.11 现场领取发3+1分（签字+合影、积分发放）,task,Sprint1-MVP核心闭环,,"签字确认+合影留档，发布人+3失主+1",P0,
1.12 90天预警+超期处理（定时任务）,task,Sprint1-MVP核心闭环,,"90天预警、365天转超期、易腐7天",P0,
1.13 基础风控（周3条、幂等、新账号冷却）,task,Sprint1-MVP核心闭环,,"自然周≤3条有效核验、接口幂等、新账号冷却期",P0,
1.14 个人中心（积分统计、台账、证明导出）,task,Sprint1-MVP核心闭环,,"积分明细台账、诚信证明导出",P0,
1.15 寻物启事基础（发布/列表/关闭）,task,Sprint1-MVP核心闭环,,"寻物启事发布、列表展示、关闭",P0,
1.16 诚信证明与光荣榜,task,Sprint1-MVP核心闭环,,"诚信证明导出、光荣榜展示",P0,
1.17 简版数据看板（2图：招领统计、积分统计）,task,Sprint1-MVP核心闭环,,"分类饼图、趋势折线图",P0,
1.18 基础单元测试,task,Sprint1-MVP核心闭环,,"JUnit5+Mockito，核心Service层覆盖率≥50%",P0,
Sprint2-智能匹配与增强,iteration,,,"目标：增强用户体验、风控能力、管理后台；时间：2周（10个工作日）",,
2.1 智能匹配+识图搜索（调用百度AI API）,task,Sprint2-智能匹配与增强,,"ImageSearchService、指纹索引、search-by-image 接口",P1,
2.2 转发认领邀请（失主→发布人）,task,Sprint2-智能匹配与增强,,"POST /api/lost-notices/{id}/forward",P1,
2.3 物品丢失申诉工单（camera_log表）,task,Sprint2-智能匹配与增强,,"监控调取申请、处理流程",P1,
2.4 纠纷申诉工单（dispute表、积分回滚）,task,Sprint2-智能匹配与增强,,"纠纷申诉、积分事务回滚",P1,
2.5 管理员后台增强（举报审查、辅导员查询）,task,Sprint2-智能匹配与增强,,"举报审查流程、辅导员查询入口",P1,
2.6 数据看板补全（4图：分类统计、地点热力、时间趋势、用户排行）,task,Sprint2-智能匹配与增强,,"分类统计、地点热力图、时间趋势、用户排行榜",P1,
2.7 增强风控（串通检测、认领率分析、图片查重）,task,Sprint2-智能匹配与增强,,"串通检测、认领率分析、图片指纹查重",P1,
2.8 接口加固+Docker部署+流水线,task,Sprint2-智能匹配与增强,,"CodeArts 流水线：检出→构建→测试→镜像→部署",P1,
2.9 集成测试+报告收尾,task,Sprint2-智能匹配与增强,,"SpringBootTest+MockMvc 全流程集成测试",P1,
2.10 P2可选：积分商城（仅设计，不实现）,task,Sprint2-智能匹配与增强,,"仅出设计方案，不实现",P2,
